C械翻U,オリジナル翻U,,,
自踊された高速道路の,自舆\道路を粢て,自婴胃咚伽蔚坤,,
ニュ`ヨ`クの1939年の万国博E会でのゼネラルモ`タ`ズフュ`チュラマの展示では、安全な距xをS持するために「自o制御」を使用して1rgあたり最大80キロメ`トル（50マイル）の速度でカ`ブをナビゲ`トする、技g的にMiしたス`パ`ハイウェイがられました。,1939年のニュ`ヨ`ク万国博E会でゼネラルモ`タ`ズ社が展示したフュ`チュラマは、先M的な技gを取り入れた高速道路の想を取り上げたものだった。それによると、自榆は「自o操k」を利用して安全なg距xを保つことで、r速80キロメ`トル（50マイル）でカ`ブを曲がるという。,,,
都市は、i行者がその下のIの交通に危にさらされることなく安全に移婴扦る高架通路を浃à皮い蓼筏俊,都市部ではi道を空中にOけ、i行者はその下を往来する自榆の危にさらされることなく、安全に移婴工毪长趣できる。,,,
数十万人のL者が、キラキラとxく高鹰鹰搿⒆炒螭矢咚俚缆贰C有预蜗蛏悉趣いπ陇筏ざ际肖簸索攘摔丹欷蓼筏俊,光りxく超高鹰鹰肴氦渥炒螭矢咚俚缆筏浃ā⒔煌à卫便性が高まるのではないかという期待感を抱かせる新しい都市の未来像に、数多くの来稣撙心をZわれた。,,,
信じられないほどこえますか？,そんなことは不可能だと思われるだろうか。,信じられないようです？,信じてもらえますか？,信じてくれよ！
1930年代後半のこのビジョンは、わずか21年先の1960年の送システムを描いたものです。,1930年代後半にられたこの想は、1960年、万博からたった21年後の未来の交通システムを念^に置いていたのである。,,,
,,,,
清をS持し、かつほこりを上へ造を防ぐためには、カバ`を削除する龊稀⒈丐亥榨％毳骏靴庭毪悉袱幛摔蛳鞒し清にします。,清をS持し、かつほこりがたまるのを防ぐためには、カバ`を取り外す龊稀⒈丐亥榨％毳骏靴庭毪颏悉袱幛巳・晖猡贰⑶にします。,清に保ち、ほこりがたまるのを防ぐためには、カバ`を取り外すH、必ずフィルタパネルをはじめに取り外し、叱します。,清に保ち、ほこりがたまるのを防ぐためには、カバ`を取外すH、必ずフィルタ`?パネルをはじめに取外し、叱してください。,
,,,,
私たちはあなたとBjを取り、あなたが私たちについて要求する情螭颏なたに提供し、あなたの|に答え、または私たちがあなたの苦情をI理するときにあなたのBj先のを使用します。,ユ`ザとのコミュニケ`ション、ユ`ザから求される当社にvする情螭翁峁、ユ`ザからの照会にする返答、ユ`ザの苦情I理に、ユ`ザのBj先情螭利用されます。,,,
たとえば、再I者とf力する龊稀DHOPプラットフォ`ムを介してサ`ビスを提供する龊稀または第三者が主催する展示会やその他のマ`ケティングイベントを、全体または当社とf力して_催または参加する龊悉扦埂,例えば、当社が再I者と提携するとき、DHOPプラットフォ`ムを介してサ`ビスを提供するとき、あるいは第三者が主催する展示会やその他のマ`ケティングイベントの全体、または当社とf力して企画?参加するときなどです。,,,
,,,,
これには、操Iへの水道パイプラインにvBする合意を_保するために、私たちに代わって地元の制当局やコミュニティリ`ダ`とBjを取り合うことが含まれます。,このプロジェクトでは、本事Iのための配水パイプラインにvBする合意を_保するために、私たちに代わって、地元の制当局や地域のリ`ダ`とBjを取り合う必要があります。,,,
仲介I者が私たちのために仕事をしているときにlかにVTをった龊稀⒒嵘绀显u判の低下、Ug的p失、および法的Y果に直面する可能性があります。,中g企Iが私たちのI栅蛐肖盲皮い腚HにlかにVTをった龊稀⒒嵘绀卧u判の低下、Ug的p失、法的影に直面する可能性があります。,,,
これには、仲介者を任命したり、既存の仲介者契sを更新したりする前に、地域のビジネス整合性g装マネ`ジャ`またはコンプライアンスチ`ムのサポ`トを受けて、正式な文化されたリスクベ`スのデュ`デリジェンスが_gに行われるようにすることが含まれます。,中g企Iを任命したり、既存の中g契sを更新する前に、自分の部Tのビジネスインテグリティのg行マネ`ジャ`またはコンプライアンスチ`ムのサポ`トを受けながら、リスクに基づく正式な文化されたデュ`デリジェンスが_gに行われるようにしなければなりません。,,,
